,precision,recall,f1-score,support
Not Churn,0.7747844827586207,0.6651248843663274,0.7157789945246391,1081.0
Churn,0.6623134328358209,0.7725788900979326,0.7132094424912104,919.0
accuracy,0.7145,0.7145,0.7145,0.7145
macro avg,0.7185489577972208,0.71885188723213,0.7144942185079248,2000.0
weighted avg,0.7231040353190943,0.7145,0.7145982853652786,2000.0
